num,filename,md5
1,ae102clip.mp4,cbf65bc1e2102add9bdc65f78eb481aa
2,blackice.mp4,ae2408af963565f144d01a2fe357eb8e
3,bp.png,953a78a5b1ecda7f3f0ae98871cdd8e6
4,btbutt.mp4,9ddf9ce4379cba3fdd03dbd20145c8c0
5,final-exam.docm,1f49fac5cc30e0d16170026c36af4bbe
6,gas.mp4,8426ca9700f0d8b10ee43ce1091f4eba
7,message.txt,348f56c0aec4275f93f512e43ed644bb
8,pdan.mp4,a5e6eeb203fef24c5db038083027b8bf
9,squid.mp4,52e49760f949c269fbcda144807ba0d7
10,squirtle.jpg,0c982c859b3761c21347dac578e4b744
11,upack.png,435b5866fa664cb561e97a2ca1f10ec7
12,zdead.mp4,69f16583836852460d6bd2a3b5965fbe